group,company
gs,GS
gs,GS건설
gs,GS리테일
gs,GS글로벌
gs,GS홈쇼핑
gs,자이엔스엔디
gs,삼양통상
lg,LG전자
lg,LG화학
lg,LG디스플레이
lg,LG유플러스
lg,LG상사
lg,LG이노텍
lg,LG생활건강
lg,LG
lg,LG하우시스
lg,LG헬로비젼
lg,실리콘웍스
lg,지투알
lg,로보스타
sk,SK이노베이션
sk,SK하이닉스
sk,SK텔레콤
sk,SK네트웍스
sk,SK가스
sk,SKC
sk,SK케미칼
sk,부산도시가스
sk,SK머티리얼즈
sk,SK렌터카
sk,SK디앤디
sk,드림어스컴퍼니
sk,SKC 솔믹스
sk,에스엠코어
sk,에스케이바이오팜
sk,SK바이오랜드
sk,인크로스
sk,나노앤택
life,교보증권
asiana,아시아나항공
asiana,금호산업
asiana,에어부산
asiana,아시아나IDT
nog,NH투자증권
nog,남해화학
nog,농우바이오
daerim,대림산업
daerim,대림건설
daerim,대림씨엔에스
dacons,대우건설
daocean,대우조선해양
du,두산
du,두산중공업
du,두산인프라코어
du,두산밥캣
du,두산퓨얼셀
du,오리콤
du,두산솔루스
lott,롯데쇼핑
lott,롯데케미칼
lott,롯데지주
lott,롯데하이마트
lott,롯데칠성음료
lott,롯데제과
lott,롯데푸드
lott,롯데정밀화학
lott,롯데정보통신
lott,롯데리츠
esse,미래에셋대우
esse,미래에셋생명
esse,미래에셋벤처투자
sam,삼성전자
sam,삼성생명
sam,삼성물산
sam,삼성화재해상보험
sam,삼성SDI
sam,삼성에스디에스
sam,삼성전기
sam,삼성중공업
sam,삼성증권
sam,삼성엔지니어링
sam,호텔신라
sam,제일기획
sam,삼성카드
sam,에스원
sam,삼성바이오로직스
sam,멀티캠퍼스
neww,이마트
neww,신세계
neww,신세계인터내셔날
neww,신세계푸드
neww,신세계건설
neww,신세계I&C
neww,광주신세계
cj,CJ
cj,CJ제일제당
cj,CJ대한통운
cj,CJ ENM
cj,CJ CGV
cj,CJ프레시웨이
cj,스튜디오드래곤
cj,CJ씨푸드
soil,S-Oil
ls,LS
ls,E1
ls,엘에스일렉트릭
ls,에스코홀딩스
ls,가온전선
ls,LS전선아시아
ls,LS네트웍스
yong,고려아연
yong,영풍
yong,코리아써키트
yong,인터플렉스
yong,시그네틱스
yong,영풍정밀
occ,OCI
occ,이테크건설
occ,유니드
occ,삼광글라스
occ,유니온머티리얼
kcc,케이씨씨
kcc,KCC건설
kcc,케이씨씨글라스
kcc,코리아오토글라스
kt,케이티
kt,KTcs
kt,케이티스카이라이프
kt,KTis
kt,KTH
kt,이니텍
kt,지니뮤직
kt,나스미디어
kt,KT서브마린
kt,플레이디
ktng,케이티엔지
ktng,영진약품
kolon,코오롱
kolon,코오롱인더
kolon,코오롱글로벌
kolon,코오롱플라스틱
kolon,코오롱생명과학
kolon,코오롱머티리얼
posco,포스코
posco,포스코인터내셔널
posco,포스코 ICT
posco,포스코강판
posco,포스코앰텍
harim,하림지주
harim,팬오션
harim,팜스코
harim,선진
harim,하림
harim,엔에스쇼핑
invest,한국금융지주
hanjin,대한항공
hanjin,한진
hanjin,한진칼
hanjin,진에어
hanjin,한국공항
hanha,한화
hanha,한화생명
hanha,한화솔루션
hanha,한화손해보험
hanha,한화에어로스페이스
hanha,한화투자증권
hanha,한화증권
hydep,현대그린푸드
hydep,현대홈쇼핑
hydep,현대백화점
hydep,한섬
hydep,현대리바트
hydep,현대에이치씨엔
hydep,에버다임
hycar,현대자동차
hycar,기아자동차
hycar,현대모비스
hycar,현대제철
hycar,현대글로비스
hycar,현대건설
hycar,현대위아
hycar,현대로템
hycar,현대오토에버
hycar,이노션
hycar,현대비앤지스틸
hycar,현대차증권
hyjung,현대중공업지주
hyjung,한국조선해양
hyjung,현대미포조선
hyjung,현대건설기계
hyjung,현대일렉트릭
hyjung,현대에너지솔루션
hyosung,효성티앤씨
hyosung,효성중공업
hyosung,효성
hyosung,효성첨단소재
hyosung,효성화학
hyosung,진흥기업
hyosung,효성 ITX
hyosung,신화인터텍
hyosung,갤럭아에스엠